,count
android.intent.action.SEND,421
android.intent.action.VIEW,420
android.intent.category.DEFAULT,407
android.intent.action.PACKAGE_REPLACED,400
android.intent.action.PACKAGE_FULLY_REMOVED,271
android.intent.action.LOCALE_CHANGED,267
android.intent.action.WALLPAPER_CHANGED,199
android.intent.action.SEARCH,164
android.intent.action.ACTION_SHUTDOWN,156
android.intent.action.REBOOT,150
android.intent.action.AIRPLANE_MODE,139
android.intent.action.SEARCH_LONG_PRESS,125
android.intent.action.MAIN,125
android.intent.action.MY_PACKAGE_REPLACED,86
android.intent.category.INFO,72
android.intent.category.BROWSABLE,65
android.intent.action.PACKAGE_REMOVED,60
android.intent.category.HOME,44
android.intent.action.MEDIA_BUTTON,38
android.intent.action.CONFIGURATION_CHANGED,28
android.intent.action.ACTION_POWER_DISCONNECTED,26
android.intent.category.APP_BROWSER,23
android.intent.action.SEND_MULTIPLE,21
android.intent.action.PACKAGE_RESTARTED,20
android.intent.action.SET_WALLPAPER,20
android.intent.action.BATTERY_CHANGED,18
android.intent.action.TIME_SET,15
android.intent.action.TIMEZONE_CHANGED,14
android.intent.action.SCREEN_ON,10
android.intent.category.LAUNCHER,10
android.intent.action.USER_PRESENT,9
android.intent.action.PICK,7
android.intent.action.DIAL,6
android.intent.category.APP_MARKET,5
android.intent.action.DATE_CHANGED,5
android.intent.action.CREATE_SHORTCUT,5
android.intent.category.APP_MESSAGING,5
android.intent.action.DELETE,5
android.intent.action.BOOT_COMPLETED,4
android.intent.category.ALTERNATIVE,4
android.intent.action.PACKAGE_ADDED,4
android.intent.action.INPUT_METHOD_CHANGED,3
android.intent.category.PREFERENCE,3
android.intent.category.LEANBACK_LAUNCHER,3
android.intent.action.GET_CONTENT,2
android.intent.action.EDIT,2
android.intent.category.MONKEY,2
android.intent.action.ATTACH_DATA,2
android.intent.action.ALL_APPS,2
android.intent.action.SCREEN_OFF,1
android.intent.category.DEVELOPMENT_PREFERENCE,1
android.intent.action.NEW_OUTGOING_CALL,1
android.intent.category.APP_CALCULATOR,1
android.intent.action.MEDIA_SCANNER_FINISHED,1
android.intent.action.WEB_SEARCH,1
android.intent.action.CAMERA_BUTTON,1
android.intent.action.GET_RESTRICTION_ENTRIES,1
android.intent.action.MANAGE_NETWORK_USAGE,1
android.intent.action.INSERT,1
android.intent.action.ASSIST,1
android.intent.action.DEVICE_STORAGE_LOW,0
android.intent.action.CARRIER_SETUP,0
android.intent.action.CHOOSER,0
android.intent.action.TIME_TICK,0
android.intent.action.CLOSE_SYSTEM_DIALOGS,0
android.intent.action.CREATE_DOCUMENT,0
android.intent.action.DEFINE,0
android.intent.action.MANAGED_PROFILE_UNAVAILABLE,0
android.intent.action.CALL_BUTTON,0
android.intent.action.SYNC,0
android.intent.action.DEVICE_STORAGE_OK,0
android.intent.action.SHOW_APP_INFO,0
android.intent.action.DOCK_EVENT,0
android.intent.action.SENDTO,0
android.intent.action.DREAMING_STARTED,0
android.intent.action.DREAMING_STOPPED,0
android.intent.action.EXTERNAL_APPLICATIONS_AVAILABLE,0
android.intent.action.EXTERNAL_APPLICATIONS_UNAVAILABLE,0
android.intent.action.SYSTEM_TUTORIAL,0
android.intent.action.UID_REMOVED,0
android.intent.action.TRANSLATE,0
android.intent.action.UMS_CONNECTED,0
android.intent.action.ANSWER,0
android.intent.action.APP_ERROR,0
android.intent.action.APPLICATION_PREFERENCES,0
android.intent.action.VOICE_COMMAND,0
android.intent.action.VIEW_PERMISSION_USAGE,0
android.intent.action.VIEW_LOCUS,0
android.intent.action.USER_UNLOCKED,0
android.intent.action.APPLICATION_RESTRICTIONS_CHANGED,0
android.intent.action.USER_INITIALIZE,0
android.intent.action.BATTERY_LOW,0
android.intent.action.USER_FOREGROUND,0
android.intent.action.BATTERY_OKAY,0
android.intent.action.USER_BACKGROUND,0
android.intent.action.UNINSTALL_PACKAGE,0
android.intent.action.BUG_REPORT,0
android.intent.action.UMS_DISCONNECTED,0
android.intent.action.CALL,0
android.intent.action.FACTORY_TEST,0
android.intent.action.GTALK_CONNECTED,0
android.intent.action.RUN,0
android.intent.action.MEDIA_SCANNER_STARTED,0
android.intent.action.OPEN_DOCUMENT_TREE,0
android.intent.action.OPEN_DOCUMENT,0
android.intent.action.MANAGE_PACKAGE_STORAGE,0
android.intent.action.MY_PACKAGE_SUSPENDED,0
android.intent.action.MANAGED_PROFILE_ADDED,0
android.intent.action.MEDIA_UNMOUNTED,0
android.intent.action.MEDIA_UNMOUNTABLE,0
android.intent.action.MEDIA_SHARED,0
android.intent.action.MEDIA_SCANNER_SCAN_FILE,0
android.intent.action.PACKAGE_CHANGED,0
android.intent.action.MANAGED_PROFILE_AVAILABLE,0
android.intent.action.MEDIA_REMOVED,0
android.intent.action.MEDIA_NOFS,0
android.intent.action.MEDIA_MOUNTED,0
android.intent.action.MEDIA_EJECT,0
android.intent.action.MEDIA_CHECKING,0
android.intent.action.MANAGED_PROFILE_REMOVED,0
android.intent.action.MEDIA_BAD_REMOVAL,0
android.intent.action.LOCKED_BOOT_COMPLETED,0
android.intent.action.PACKAGE_DATA_CLEARED,0
android.intent.action.MANAGED_PROFILE_UNLOCKED,0
android.intent.action.HEADSET_PLUG,0
android.intent.action.QUICK_VIEW,0
android.intent.action.QUICK_CLOCK,0
android.intent.action.PROVIDER_CHANGED,0
android.intent.action.PROCESS_TEXT,0
android.intent.action.POWER_USAGE_SUMMARY,0
android.intent.action.GTALK_DISCONNECTED,0
android.intent.action.ACTION_POWER_CONNECTED,0
android.intent.action.PICK_ACTIVITY,0
android.intent.action.PASTE,0
android.intent.action.PACKAGE_FIRST_LAUNCH,0
android.intent.action.PACKAGES_UNSUSPENDED,0
android.intent.action.PACKAGES_SUSPENDED,0
android.intent.action.PACKAGE_VERIFIED,0
android.intent.action.INSERT_OR_EDIT,0
android.intent.action.INSTALL_FAILURE,0
android.intent.action.PACKAGE_NEEDS_VERIFICATION,0
android.intent.action.PACKAGE_INSTALL,0
android.intent.action.INSTALL_PACKAGE,0
android.intent.action.MY_PACKAGE_UNSUSPENDED,0
android.dock_home,0
android.intent.category.APP_CALENDAR,0
android.intent.category.APP_CONTACTS,0
android.intent.extra.TEMPLATE,0
android.intent.extra.SUSPENDED_PACKAGE_EXTRAS,0
android.intent.extra.SUBJECT,0
android.intent.extra.STREAM,0
android.intent.extra.SPLIT_NAME,0
android.intent.extra.SHUTDOWN_USERSPACE_ONLY,0
android.intent.extra.shortcut.NAME,0
android.intent.extra.shortcut.INTENT,0
android.intent.extra.shortcut.ID,0
android.intent.extra.shortcut.ICON_RESOURCE,0
android.intent.extra.shortcut.ICON,0
android.intent.extra.RETURN_RESULT,0
android.intent.extra.RESULT_RECEIVER,0
android.intent.extra.restrictions_list,0
android.intent.extra.restrictions_intent,0
android.intent.extra.restrictions_bundle,0
android.intent.extra.REPLACING,0
android.intent.extra.REPLACEMENT_EXTRAS,0
android.intent.extra.remote_intent_token,0
android.intent.extra.REFERRER_NAME,0
android.intent.extra.REFERRER,0
android.intent.extra.QUIET_MODE,0
android.intent.extra.QUICK_VIEW_FEATURES,0
android.intent.extra.PROCESS_TEXT_READONLY,0
android.intent.extra.PROCESS_TEXT,0
android.intent.extra.PHONE_NUMBER,0
android.intent.extra.PACKAGE_NAME,0
android.intent.extra.ORIGINATING_URI,0
android.intent.extra.NOT_UNKNOWN_SOURCE,0
android.intent.extra.TEXT,0
android.intent.extra.TITLE,0
android.intent.extra.UID,0
(0x02000000),0
(0x20000000),0
(0x00002000),0
(0x00200000),0
(0x00020000),0
(0x01000000),0
(0x00040000),0
(0x40000000),0
(0x00010000),0
(0x10000000),0
(0x08000000),0
(0x00000800),0
(0x00100000),0
(0x00001000),0
(0x00800000),0
android.intent.extra.USER,0
(0x00080000),0
(0x04000000),0
(0x00008000),0
(0x00400000),0
(0x00000020),0
(0x00000040),0
(0x00000010),0
(0x00000100),0
(0x00000002),0
(0x00000008),0
(0x00000080),0
(0x00000004),0
(0x00000001),0
android.intent.extra.MIME_TYPES,0
android.intent.extra.LOCUS_ID,0
android.intent.extra.LOCAL_ONLY,0
android.intent.category.SAMPLE_CODE,0
android.intent.extra.ALTERNATE_INTENTS,0
android.intent.extra.ALLOW_REPLACE,0
android.intent.extra.ALLOW_MULTIPLE,0
android.intent.extra.ALARM_COUNT,0
CREATOR,0
android.intent.category.VR_HOME,0
android.intent.category.VOICE,0
android.intent.category.UNIT_TEST,0
android.intent.category.TYPED_OPENABLE,0
android.intent.category.TEST,0
android.intent.category.TAB,0
android.intent.category.SELECTED_ALTERNATIVE,0
android.intent.category.SECONDARY_HOME,0
android.intent.category.OPENABLE,0
android.intent.extra.ASSIST_INPUT_DEVICE_ID,0
android.intent.category.LE_DESK_DOCK,0
android.intent.category.HE_DESK_DOCK,0
CATEGORY_GADGET,0
android.intent.category.FRAMEWORK_INSTRUMENTATION_TEST,0
android.intent.category.EMBED,0
android.intent.category.DESK_DOCK,0
android.intent.category.CAR_MODE,0
android.intent.category.CAR_DOCK,0
android.intent.category.APP_MUSIC,0
android.intent.category.APP_MAPS,0
android.intent.category.APP_GALLERY,0
(0x00004000),0
android.intent.category.APP_EMAIL,0
android.intent.extra.ASSIST_CONTEXT,0
android.intent.extra.ASSIST_INPUT_HINT_KEYBOARD,0
android.intent.extra.KEY_EVENT,0
android.intent.extra.CONTENT_ANNOTATIONS,0
android.intent.extra.INTENT,0
android.intent.extra.INSTALLER_PACKAGE_NAME,0
android.intent.extra.INITIAL_INTENTS,0
android.intent.extra.INDEX,0
android.intent.extra.HTML_TEXT,0
android.intent.extra.FROM_STORAGE,0
android.intent.extra.EXCLUDE_COMPONENTS,0
android.intent.extra.EMAIL,0
android.intent.extra.DURATION_MILLIS,0
android.intent.extra.DONT_KILL_APP,0
android.intent.extra.DOCK_STATE,0
android.intent.extra.DATA_REMOVED,0
android.intent.extra.CONTENT_QUERY,0
android.intent.extra.COMPONENT_NAME,0
android.intent.extra.ASSIST_PACKAGE,0
android.intent.extra.CHOSEN_COMPONENT_INTENT_SENDER,0
android.intent.extra.CHOSEN_COMPONENT,0
android.intent.extra.CHOOSER_TARGETS,0
android.intent.extra.CHOOSER_REFINEMENT_INTENT_SENDER,0
android.intent.extra.changed_uid_list,0
android.intent.extra.changed_package_list,0
android.intent.extra.changed_component_name_list,0
android.intent.extra.changed_component_name,0
android.intent.extra.CC,0
android.intent.extra.BUG_REPORT,0
android.intent.extra.BCC,0
android.intent.extra.AUTO_LAUNCH_SINGLE_CHOICE,0
android.intent.extra.ASSIST_UID,0
android.intent.category.APP_FILES,0
